Francisco Madero,Venustiano Carranza
Francisco Madero,Alvaro Obregon
Francisco Madero,Plutarco E. Calles
Francisco Madero,Candido Aguilar
Francisco Madero,Jacinto B. Trevino
Francisco Madero,Emilio Portes Gil
Venustiano Carranza,Alvaro Obregon
Venustiano Carranza,Plutarco E. Calles
Venustiano Carranza,Candido Aguilar
Venustiano Carranza,Jacinto B. Trevino
Venustiano Carranza,Emilio Portes Gil
Venustiano Carranza,Miguel Aleman Gonzalez
Venustiano Carranza,Adolfo Ruiz Cortines
Alvaro Obregon,Plutarco E. Calles
Alvaro Obregon,Emilio Portes Gil
Alvaro Obregon,Miguel Aleman Gonzalez
Alvaro Obregon,Lazaro Cardenas
Plutarco E. Calles,Emilio Portes Gil
Plutarco E. Calles,Lazaro Cardenas
Plutarco E. Calles,Ramon Beteta
Candido Aguilar,Miguel Aleman Gonzalez
Candido Aguilar,Heriberto Jara
Candido Aguilar,Lazaro Cardenas
Candido Aguilar,Miguel Aleman Valdes
Jacinto B. Trevino,Adolfo Ruiz Cortines
Emilio Portes Gil,Lazaro Cardenas
Emilio Portes Gil,Manuel Avila Camacho
Emilio Portes Gil,Andres Serra Rojas
Emilio Portes Gil,Antonio Carrillo Flores
Miguel Aleman Gonzalez,Heriberto Jara
Miguel Aleman Gonzalez,Miguel Aleman Valdes
Heriberto Jara,Lazaro Cardenas
Heriberto Jara,Manuel Avila Camacho
Heriberto Jara,Adolfo Ruiz Cortines
Lazaro Cardenas,Manuel Avila Camacho
Lazaro Cardenas,Miguel Aleman Valdes
Lazaro Cardenas,Ignacio Beteta
Lazaro Cardenas,Ramon Beteta
Lazaro Cardenas,Rodolfo Sanchez Taboada
Lazaro Cardenas,Raul Salinas Lozano
Manuel Avila Camacho,Miguel Aleman Valdes
Manuel Avila Camacho,Adolfo Ruiz Cortines
Manuel Avila Camacho,Andres Serra Rojas
Manuel Avila Camacho,Gustavo Diaz Ordaz
Miguel Aleman Valdes,Ramon Beteta
Miguel Aleman Valdes,Rodolfo Sanchez Taboada
Miguel Aleman Valdes,Angel Carvajal
Miguel Aleman Valdes,Adolfo Ruiz Cortines
Miguel Aleman Valdes,Adolfo Lopez Mateos
Miguel Aleman Valdes,Hugo B. Margain
Miguel Aleman Valdes,Andres Serra Rojas
Miguel Aleman Valdes,Antonio Carrillo Flores
Miguel Aleman Valdes,Antonio Ruiz Galindo
Miguel Aleman Valdes,Gustavo Diaz Ordaz
Miguel Aleman Valdes,Eduardo Bustamante
Miguel Aleman Valdes,Antonio Ortiz Mena
Miguel Aleman Valdes,Miguel Aleman Velasco
Ignacio Beteta,Ramon Beteta
Ignacio Beteta,Mario Ramon Beteta
Ramon Beteta,Mario Ramon Beteta
Ramon Beteta,Hugo B. Margain
Ramon Beteta,Miguel De la Madrid
Mario Ramon Beteta,Hugo B. Margain
Mario Ramon Beteta,Eduardo Bustamante
Mario Ramon Beteta,Jose Lopez Portillo
Mario Ramon Beteta,Miguel De la Madrid
Mario Ramon Beteta,Carlos Salinas de Gortari
Rodolfo Sanchez Taboada,Adolfo Ruiz Cortines
Rodolfo Sanchez Taboada,Adolfo Lopez Mateos
Rodolfo Sanchez Taboada,Luis Echeverria Alvarez
Angel Carvajal,Adolfo Ruiz Cortines
Angel Carvajal,Antonio Carrillo Flores
Adolfo Ruiz Cortines,Adolfo Lopez Mateos
Adolfo Ruiz Cortines,Salomon Gonzalez Blanco
Adolfo Ruiz Cortines,Antonio Carrillo Flores
Adolfo Ruiz Cortines,Antonio Ruiz Galindo
Adolfo Ruiz Cortines,Antonio Ortiz Mena
Adolfo Ruiz Cortines,Gilberto Loyo
Adolfo Lopez Mateos,Salomon Gonzalez Blanco
Adolfo Lopez Mateos,Gustavo Diaz Ordaz
Adolfo Lopez Mateos,Luis Echeverria Alvarez
Adolfo Lopez Mateos,Eduardo Bustamante
Adolfo Lopez Mateos,Antonio Ortiz Mena
Adolfo Lopez Mateos,Gilberto Loyo
Adolfo Lopez Mateos,Raul Salinas Lozano
Hugo B. Margain,Salomon Gonzalez Blanco
Hugo B. Margain,Antonio Carrillo Flores
Hugo B. Margain,Gustavo Diaz Ordaz
Hugo B. Margain,Luis Echeverria Alvarez
Hugo B. Margain,Antonio Ortiz Mena
Hugo B. Margain,Jose Lopez Portillo
Hugo B. Margain,Raul Salinas Lozano
Hugo B. Margain,Miguel De la Madrid
Hugo B. Margain,Carlos Salinas de Gortari
Salomon Gonzalez Blanco,Antonio Carrillo Flores
Salomon Gonzalez Blanco,Raul Salinas Lozano
Andres Serra Rojas,Antonio Carrillo Flores
Andres Serra Rojas,Eduardo Bustamante
Antonio Carrillo Flores,Gustavo Diaz Ordaz
Antonio Carrillo Flores,Eduardo Bustamante
Antonio Carrillo Flores,Antonio Ortiz Mena
Antonio Carrillo Flores,Raul Salinas Lozano
Antonio Ruiz Galindo,Gilberto Loyo
Gustavo Diaz Ordaz,Luis Echeverria Alvarez
Gustavo Diaz Ordaz,Antonio Ortiz Mena
Luis Echeverria Alvarez,Jose Lopez Portillo
Eduardo Bustamante,Raul Salinas Lozano
Antonio Ortiz Mena,Raul Salinas Lozano
Antonio Ortiz Mena,Carlos Salinas de Gortari
Jose Lopez Portillo,Miguel De la Madrid
Gilberto Loyo,Raul Salinas Lozano
Raul Salinas Lozano,Miguel De la Madrid
Raul Salinas Lozano,Carlos Salinas de Gortari
Miguel De la Madrid,Carlos Salinas de Gortari
Carlos Salinas de Gortari,Miguel Aleman Velasco
Lazaro Cardenas,Cuauhtemoc Cardenas
Miguel Aleman Velasco,Cuauhtemoc Cardenas